{
  "method": "real_chacha20poly1305_benchmark",
  "implementation": "Python cryptography library",
  "algorithm": "ChaCha20Poly1305 (same as nyx-crypto)",
  "timestamp": "2025-10-06 18:54:51",
  "latency": {
    "average_ms": 0.19459723800036954,
    "min_ms": 0.05374199997731921,
    "max_ms": 10.284089000037966,
    "median_ms": 0.05992299998069939,
    "p95_ms": 0.12133799998537143,
    "p99_ms": 9.49167499993564,
    "samples": 500,
    "raw_data": [
      5.445374000032643,
      0.09422300001915573,
      0.06879700003992184,
      0.0655879999840181,
      0.08133400001497648,
      0.1075720000471847,
      0.08171000001766515,
      0.058806000083677645,
      0.057109999943349976,
      0.0574250000227039,
      0.05718699992485199,
      0.0602759999992486,
      0.0602680000838518,
      0.058775999946192314,
      0.11849899999560876,
      0.06503500003418594,
      0.05905399996208871,
      0.060849999954371015,
      0.05915499991715478,
      0.06007699994370341,
      0.09990799992465327,
      0.06189299995185138,
      0.061270000060176244,
      0.058935999959430774,
      0.05921100000705337,
      0.17417300000488467,
      0.06830400002399983,
      0.06356899996262655,
      0.06210400010786543,
      0.0580610000042725,
      0.05928000007315859,
      0.05946500004938571,
      0.05861800002548989,
      0.05900600001496059,
      0.05981499998597428,
      0.061394999988806376,
      0.05862800003342272,
      0.06053899994640233,
      0.05992299998069939,
      0.059890000102313934,
      0.10432099998070044,
      0.0641509999468326,
      0.06043299993052642,
      0.06033099998603575,
      0.0607709999940198,
      0.05929400003878982,
      0.06204800001796684,
      0.06020500006798102,
      0.08343599995441764,
      0.06259199994929077,
      0.05786799999896175,
      0.05902099997001642,
      0.06276299995988666,
      0.06149399996502325,
      0.059774000078505196,
      0.05926799997268972,
      0.06474699989666988,
      0.06051100001513987,
      0.06212200003119506,
      0.06106000000727363,
      0.12813299997560534,
      0.06260899999688263,
      0.0584450000360448,
      0.06020700004683022,
      0.06341900007100776,
      0.1075720000471847,
      0.08389399999941816,
      0.06510700006856496,
      0.06392199998117576,
      0.06088800000725314,
      0.061120000054870616,
      0.06487899997864588,
      0.060952000012548524,
      0.059480000004441536,
      0.058910000007017516,
      0.059128999964741524,
      0.05779000002803514,
      0.062591000073553,
      0.07169200000589626,
      0.06029100006799126,
      0.117447000093307,
      0.07003499990787532,
      0.0663580000264119,
      0.06069400001251779,
      0.05905199998323951,
      0.06119499994383659,
      0.06913699996857758,
      0.06929099993158161,
      0.07011799993961176,
      0.06229100006294175,
      0.059448000001793844,
      0.11115200004496728,
      0.08567500003664463,
      0.06972799997129187,
      0.07819699999345175,
      0.07520799999838346,
      0.061533000007329974,
      0.058031000094160845,
      0.058443000057195604,
      0.05727200004912447,
      0.0890700000582001,
      0.06014799998865783,
      0.05885799998850416,
      0.05759499993018835,
      0.05941800009168219,
      8.465463999982603,
      0.15081300000474585,
      0.1952179999307191,
      0.08374200001526333,
      0.06275199996252923,
      0.06514200003948645,
      0.0613240000575388,
      0.05846200008363667,
      0.058088000059797196,
      0.06468999993103353,
      0.07453500006704417,
      0.059071000009680574,
      0.059240000041427265,
      0.07390600001144776,
      0.06366399998114503,
      0.10970400001042435,
      0.06416200005787687,
      0.06798300000809832,
      0.06448100009492919,
      0.06192600005761051,
      0.07352800002990989,
      0.06690300006084726,
      0.06087300005219731,
      0.06838000001607725,
      0.06109100002049672,
      0.05752300000949617,
      0.05510599999070109,
      0.14378100001977145,
      0.065196000036849,
      0.058682000030785275,
      0.0558740000542457,
      0.05529099996692821,
      0.057475999938105815,
      0.05841799998052011,
      0.1132990000769496,
      0.08958099999745173,
      0.06380600007105386,
      0.059513999985938426,
      0.05968200002826052,
      0.057613999956629414,
      0.06164800004171411,
      0.05948500006525137,
      0.05822100001751096,
      0.05514300005415862,
      0.05719700004647166,
      0.05605699993793678,
      0.05661399995915417,
      0.057029999993574165,
      0.14081900008022785,
      0.059152999938305584,
      0.056859999972402875,
      0.058228999932907755,
      0.061168999991423334,
      0.06212799996774265,
      0.05838099991706258,
      0.09381300003497017,
      0.06325499998638406,
      0.05836699995143135,
      0.05809400011003163,
      0.05737600008615118,
      0.0571499999750813,
      0.2530619999561168,
      0.06698499998947227,
      0.0616909999280324,
      0.06342500000755535,
      0.061383000002024346,
      0.062114000002111425,
      0.059615000054691336,
      0.0590889999330102,
      10.284089000037966,
      0.07263899999543355,
      0.061108000068088586,
      0.060463999943749513,
      0.05919000000176311,
      0.05687800000941934,
      0.09914600002502993,
      0.06186900009197416,
      0.05964400008906523,
      0.05849600006513356,
      0.06067300000722753,
      0.05933800002821954,
      0.19670400001814414,
      0.11215600000014092,
      0.07214200002181315,
      0.08290300002045115,
      0.06646400004228781,
      0.05941500000972155,
      0.06003100008911133,
      0.06300199993347633,
      0.06224700007351203,
      0.06151599995973811,
      0.057325000057062425,
      0.055729999985487666,
      0.058810999917113804,
      0.05956699999387638,
      0.11822899989510915,
      0.06456299990986736,
      0.060232999999243475,
      0.05853999994087644,
      0.06093000001783366,
      0.05945999998857587,
      0.05787800000689458,
      0.05636100001993327,
      0.05480400000124064,
      0.05688900000677677,
      0.05578900004366005,
      0.05606599995644501,
      0.05513099995368975,
      0.1617330000271977,
      0.08209399993575062,
      0.06327599999167433,
      0.059786000065287226,
      0.057419999961894064,
      0.05629699990095105,
      0.05725300002268341,
      0.0995560000092155,
      0.06680699993921735,
      0.06264099999953032,
      0.06097599998611258,
      0.057099999935417145,
      0.055320000001302105,
      0.05558999998811487,
      0.059390000046732894,
      0.05919299997003691,
      0.05705699993541202,
      0.057190999996237224,
      0.057064999964495655,
      0.05604099999345635,
      0.056416000006720424,
      0.05558800000926567,
      0.05515700001978985,
      0.05655300003581942,
      0.06413200003407837,
      0.07461300003797078,
      0.07325399997171189,
      0.10279999992235389,
      0.06059000008917792,
      0.05902299994886562,
      0.056791999895722256,
      0.05656899998029985,
      0.05611500000668457,
      0.057566000009501295,
      0.06431299993892026,
      0.06981700005326275,
      0.05495300001712167,
      0.05466300001444324,
      0.05741300003592187,
      0.057101999914266344,
      0.05574699991939269,
      0.055276000011872384,
      0.05997499999921274,
      0.05811600010474649,
      0.0554599999986749,
      9.913530999938303,
      0.07579500004339934,
      0.11804300004314427,
      0.06209699995451956,
      0.060108999946351105,
      0.0554639999563733,
      0.1142100001061408,
      0.08884999999736465,
      0.06446399993365048,
      0.05990800002564356,
      0.06268000004183705,
      0.06174199995712115,
      0.05876400007309712,
      0.12718000004952046,
      0.07832900007542776,
      0.0615710000602121,
      0.05993100000978302,
      0.05740999995396123,
      0.05583099994055374,
      0.055492000001322594,
